{
  "timestamp": "2025-11-09T01:27:28.120813",
  "backend": "IBM Quantum",
  "high_confidence": {
    "name": "SARS-CoV-2 RBD Core (Structured)",
    "energy": -0.5999353455233638,
    "stability_score": 0.5999353455233638,
    "runtime_seconds": 1.0666816234588623,
    "iterations": 200,
    "num_qubits": 8
  },
  "low_confidence": {
    "name": "SARS-CoV-2 Omicron BA.5 Flexible Loop",
    "energy": -6.257469031603066,
    "stability_score": 6.257469031603066,
    "runtime_seconds": 1.1919188499450684,
    "iterations": 200,
    "num_qubits": 10
  }
}