{
  "timestamp": "2025-11-08T22:19:03.494734",
  "backend": "Simulator",
  "high_confidence": {
    "name": "SARS-CoV-2 RBD Core (Structured)",
    "energy": -0.5999353455233638,
    "stability_score": 0.5999353455233638,
    "runtime_seconds": 1.182675838470459,
    "iterations": 200,
    "num_qubits": 8
  },
  "low_confidence": {
    "name": "SARS-CoV-2 Omicron BA.5 Flexible Loop",
    "energy": -6.257469031603066,
    "stability_score": 6.257469031603066,
    "runtime_seconds": 1.2579751014709473,
    "iterations": 200,
    "num_qubits": 10
  }
}